{"cameraMode":{"drawMode":0,"name":"Shaded","section":"Shading Mode"},"sceneLighting":true,"audioPlay":false,"sceneViewState":{"showFog":true,"showMaterialUpdate":true,"showSkybox":true,"showFlares":true,"showImageEffects":true,"showParticleSystems":true},"in2DMode":false,"pivot":{"x":-1.7551311254501343,"y":1.9380947351455689,"z":2.3963587284088136},"rotation":{"x":0.15193162858486176,"y":0.6489730477333069,"z":-0.1344679892063141,"w":0.7332586050033569},"size":4.686306953430176,"orthographic":false}